{"cameraMode":{"drawMode":0,"name":"Shaded","section":"Shading Mode"},"sceneLighting":false,"audioPlay":false,"sceneViewState":{"showFog":true,"showMaterialUpdate":true,"showSkybox":true,"showFlares":true,"showImageEffects":true,"showParticleSystems":true},"in2DMode":false,"pivot":{"x":-0.10912665724754334,"y":1.3242943286895753,"z":0.07215774804353714},"rotation":{"x":0.04128287732601166,"y":-0.9521585702896118,"z":0.14916813373565675,"w":0.26351362466812136},"size":5.636055946350098,"orthographic":false}