{"cameraMode":{"drawMode":0,"name":"Shaded","section":"Shading Mode"},"sceneLighting":true,"audioPlay":false,"sceneViewState":{"showFog":true,"showMaterialUpdate":true,"showSkybox":true,"showFlares":true,"showImageEffects":true,"showParticleSystems":true},"in2DMode":false,"pivot":{"x":-0.6735489368438721,"y":1.2114919424057007,"z":0.046877991408109668},"rotation":{"x":-0.032925356179475787,"y":0.9655026793479919,"z":-0.15245549380779267,"w":-0.20851565897464753},"size":6.679759502410889,"orthographic":false}